Block,Hash
735612,1b535adcda60b5abe93f58d17a966100363d41f135d0806edf44eac4d6cc64c1
735612,12ae9e0c0c1bbce23f243bf610c6f78a286b5eb168ae6a33f5406832646718a4
735612,93eac9462e8fc6986877b1ec5744401852fc6028ff9242582394c7cc03998757
735612,b8b735bd393d779696e5b88f583683212302eedc41af0ead2de7c0e392991dec
735612,05e873499883ee9b74a7d1f0ba04aff3755643fd41e19c58fa6a5eeb773bcc85
735612,6c2574ac8fe3c81ad614585e47e5d8682ded6359bcd51288caef77ab6da0044a
735612,3d93c5295eb910f486753ff732c1c3bfcc50aa237838c60c8d9a3387a5d8566e
735612,be1fbc6d26d615629851aecc22af1dafdce29d8cf427cf1919a0e2fc705da323
735612,2e534db53d3af0c7e8e60f89895f28efd619f77ab21b5c988fbcf993fc2fdddf
